<configuration debug="true">
    <!-- plain old log-based file logging -->
    <appender name="FILE" class="ch.qos.logback.core.rolling.RollingFileAppender">
        <file>/belk/WilyMonitoring/logs/admin-api.log</file>
        <rollingPolicy class="ch.qos.logback.core.rolling.TimeBasedRollingPolicy">
            <!-- rollover daily -->
            <fileNamePattern>/belk/WilyMonitoring/logs/admin-api-${yyyy-MM-dd}.%i.log</fileNamePattern>
            <minIndex>1</minIndex>
            <!-- keep at most 90 files (practically speaking, this means 90 days since the process logs only dozens of MB per day) -->
            <maxIndex>90</maxIndex>
            <timeBasedFileNamingAndTriggeringPolicy
                    class="ch.qos.logback.core.rolling.SizeAndTimeBasedFNATP">
                <!-- or whenever the file size reaches 500MB -->
                <maxFileSize>500MB</maxFileSize>
            </timeBasedFileNamingAndTriggeringPolicy>
        </rollingPolicy>
        <encoder>
            <pattern>%msg%n</pattern>
        </encoder>
    </appender>

    <root level="info">
        <appender-ref ref="FILE" />
    </root>

</configuration>